{
	"credit": "Made with Blockbench",
	"texture_size": [64, 64],
	"textures": {
		"0": "./skymoon_texture",
		"particle": "./skymoon_texture"
	},
	"elements": [
		{
			"from": [6, 11, 7],
			"to": [10, 12, 9],
			"faces": {
				"north": {"uv": [6.25, 2, 7.25, 2.25], "texture": "#0"},
				"east": {"uv": [8.25, 2.5, 8.75, 2.75], "texture": "#0"},
				"south": {"uv": [6.25, 2.25, 7.25, 2.5], "texture": "#0"},
				"west": {"uv": [2.75, 8.25, 3.25, 8.5], "texture": "#0"},
				"up": {"uv": [3.5, 2.5, 2.5, 2], "texture": "#0"},
				"down": {"uv": [3.5, 2.5, 2.5, 3], "texture": "#0"}
			}
		},
		{
			"from": [7, 11, 6],
			"to": [9, 12, 7],
			"faces": {
				"north": {"uv": [8.25, 2.75, 8.75, 3], "texture": "#0"},
				"east": {"uv": [7.5, 9.5, 7.75, 9.75], "texture": "#0"},
				"south": {"uv": [8.25, 3, 8.75, 3.25], "texture": "#0"},
				"west": {"uv": [9.5, 7.5, 9.75, 7.75], "texture": "#0"},
				"up": {"uv": [8.75, 3.5, 8.25, 3.25], "texture": "#0"},
				"down": {"uv": [4, 8.25, 3.5, 8.5], "texture": "#0"}
			}
		},
		{
			"from": [7, 11, 9],
			"to": [9, 12, 10],
			"faces": {
				"north": {"uv": [8.25, 3.5, 8.75, 3.75], "texture": "#0"},
				"east": {"uv": [7.75, 9.5, 8, 9.75], "texture": "#0"},
				"south": {"uv": [8.25, 3.75, 8.75, 4], "texture": "#0"},
				"west": {"uv": [9.5, 7.75, 9.75, 8], "texture": "#0"},
				"up": {"uv": [4.5, 8.5, 4, 8.25], "texture": "#0"},
				"down": {"uv": [8.75, 4, 8.25, 4.25], "texture": "#0"}
			}
		},
		{
			"from": [6, 0, 7],
			"to": [10, 1, 9],
			"faces": {
				"north": {"uv": [4, 3.75, 5, 4], "texture": "#0"},
				"east": {"uv": [7.25, 1.25, 7.75, 1.5], "texture": "#0"},
				"south": {"uv": [4, 4, 5, 4.25], "texture": "#0"},
				"west": {"uv": [1.75, 7.25, 2.25, 7.5], "texture": "#0"},
				"up": {"uv": [1, 0.5, 0, 0], "texture": "#0"},
				"down": {"uv": [1, 0.5, 0, 1], "texture": "#0"}
			}
		},
		{
			"from": [7, 0, 6],
			"to": [9, 1, 7],
			"faces": {
				"north": {"uv": [7.25, 1.75, 7.75, 2], "texture": "#0"},
				"east": {"uv": [8.25, 4.75, 8.5, 5], "texture": "#0"},
				"south": {"uv": [7.25, 2, 7.75, 2.25], "texture": "#0"},
				"west": {"uv": [8.25, 5, 8.5, 5.25], "texture": "#0"},
				"up": {"uv": [2.75, 7.5, 2.25, 7.25], "texture": "#0"},
				"down": {"uv": [7.75, 2.25, 7.25, 2.5], "texture": "#0"}
			}
		},
		{
			"from": [7, 0, 9],
			"to": [9, 1, 10],
			"faces": {
				"north": {"uv": [2.75, 7.25, 3.25, 7.5], "texture": "#0"},
				"east": {"uv": [5.25, 8.25, 5.5, 8.5], "texture": "#0"},
				"south": {"uv": [3.25, 7.25, 3.75, 7.5], "texture": "#0"},
				"west": {"uv": [8.25, 5.25, 8.5, 5.5], "texture": "#0"},
				"up": {"uv": [7.75, 3.75, 7.25, 3.5], "texture": "#0"},
				"down": {"uv": [4.25, 7.25, 3.75, 7.5], "texture": "#0"}
			}
		},
		{
			"from": [6, 1, 4],
			"to": [10, 2, 6],
			"faces": {
				"north": {"uv": [2.25, 4.25, 3.25, 4.5], "texture": "#0"},
				"east": {"uv": [7.25, 3.75, 7.75, 4], "texture": "#0"},
				"south": {"uv": [4, 4.25, 5, 4.5], "texture": "#0"},
				"west": {"uv": [7.25, 4, 7.75, 4.25], "texture": "#0"},
				"up": {"uv": [1, 1.5, 0, 1], "texture": "#0"},
				"down": {"uv": [2, 0, 1, 0.5], "texture": "#0"}
			}
		},
		{
			"from": [6, 1, 6],
			"to": [7, 2, 7],
			"faces": {
				"north": {"uv": [5.5, 8.25, 5.75, 8.5], "texture": "#0"},
				"east": {"uv": [8.25, 5.5, 8.5, 5.75], "texture": "#0"},
				"south": {"uv": [5.75, 8.25, 6, 8.5], "texture": "#0"},
				"west": {"uv": [8.25, 5.75, 8.5, 6], "texture": "#0"},
				"up": {"uv": [6.25, 8.5, 6, 8.25], "texture": "#0"},
				"down": {"uv": [8.5, 6, 8.25, 6.25], "texture": "#0"}
			}
		},
		{
			"from": [9, 1, 6],
			"to": [10, 2, 7],
			"faces": {
				"north": {"uv": [6.25, 8.25, 6.5, 8.5], "texture": "#0"},
				"east": {"uv": [6.5, 8.25, 6.75, 8.5], "texture": "#0"},
				"south": {"uv": [8.25, 6.5, 8.5, 6.75], "texture": "#0"},
				"west": {"uv": [6.75, 8.25, 7, 8.5], "texture": "#0"},
				"up": {"uv": [8.5, 7, 8.25, 6.75], "texture": "#0"},
				"down": {"uv": [7.25, 8.25, 7, 8.5], "texture": "#0"}
			}
		},
		{
			"from": [9, 1, 9],
			"to": [10, 2, 10],
			"faces": {
				"north": {"uv": [8.25, 7, 8.5, 7.25], "texture": "#0"},
				"east": {"uv": [7.25, 8.25, 7.5, 8.5], "texture": "#0"},
				"south": {"uv": [7.75, 8.25, 8, 8.5], "texture": "#0"},
				"west": {"uv": [8, 8.25, 8.25, 8.5], "texture": "#0"},
				"up": {"uv": [8.5, 8.5, 8.25, 8.25], "texture": "#0"},
				"down": {"uv": [0.25, 8.5, 0, 8.75], "texture": "#0"}
			}
		},
		{
			"from": [6, 1, 9],
			"to": [7, 2, 10],
			"faces": {
				"north": {"uv": [8.75, 9.5, 9, 9.75], "texture": "#0"},
				"east": {"uv": [9.5, 8.75, 9.75, 9], "texture": "#0"},
				"south": {"uv": [9, 9.5, 9.25, 9.75], "texture": "#0"},
				"west": {"uv": [9.5, 9, 9.75, 9.25], "texture": "#0"},
				"up": {"uv": [9.5, 9.75, 9.25, 9.5], "texture": "#0"},
				"down": {"uv": [9.75, 9.25, 9.5, 9.5], "texture": "#0"}
			}
		},
		{
			"from": [9, 1, 9],
			"to": [10, 2, 10],
			"faces": {
				"north": {"uv": [8, 9.5, 8.25, 9.75], "texture": "#0"},
				"east": {"uv": [9.5, 8, 9.75, 8.25], "texture": "#0"},
				"south": {"uv": [8.25, 9.5, 8.5, 9.75], "texture": "#0"},
				"west": {"uv": [9.5, 8.25, 9.75, 8.5], "texture": "#0"},
				"up": {"uv": [8.75, 9.75, 8.5, 9.5], "texture": "#0"},
				"down": {"uv": [9.75, 8.5, 9.5, 8.75], "texture": "#0"}
			}
		},
		{
			"from": [10, 1, 6],
			"to": [12, 2, 10],
			"faces": {
				"north": {"uv": [4.25, 7.25, 4.75, 7.5], "texture": "#0"},
				"east": {"uv": [4.5, 0, 5.5, 0.25], "texture": "#0"},
				"south": {"uv": [7.25, 4.25, 7.75, 4.5], "texture": "#0"},
				"west": {"uv": [4.5, 0.25, 5.5, 0.5], "texture": "#0"},
				"up": {"uv": [1.5, 1.5, 1, 0.5], "texture": "#0"},
				"down": {"uv": [0.5, 1.5, 0, 2.5], "texture": "#0"}
			}
		},
		{
			"from": [6, 1, 10],
			"to": [10, 2, 12],
			"faces": {
				"north": {"uv": [4.5, 0.5, 5.5, 0.75], "texture": "#0"},
				"east": {"uv": [4.75, 7.25, 5.25, 7.5], "texture": "#0"},
				"south": {"uv": [4.5, 0.75, 5.5, 1], "texture": "#0"},
				"west": {"uv": [5.75, 7.25, 6.25, 7.5], "texture": "#0"},
				"up": {"uv": [1.5, 2, 0.5, 1.5], "texture": "#0"},
				"down": {"uv": [2.5, 0.5, 1.5, 1], "texture": "#0"}
			}
		},
		{
			"from": [4, 1, 6],
			"to": [6, 2, 10],
			"faces": {
				"north": {"uv": [6.25, 7.25, 6.75, 7.5], "texture": "#0"},
				"east": {"uv": [4.5, 1, 5.5, 1.25], "texture": "#0"},
				"south": {"uv": [6.75, 7.25, 7.25, 7.5], "texture": "#0"},
				"west": {"uv": [4.5, 1.25, 5.5, 1.5], "texture": "#0"},
				"up": {"uv": [2, 2, 1.5, 1], "texture": "#0"},
				"down": {"uv": [1, 2, 0.5, 3], "texture": "#0"}
			}
		},
		{
			"from": [5, 1, 5],
			"to": [6, 2, 6],
			"faces": {
				"north": {"uv": [8.5, 0.75, 8.75, 1], "texture": "#0"},
				"east": {"uv": [1, 8.5, 1.25, 8.75], "texture": "#0"},
				"south": {"uv": [1.25, 8.5, 1.5, 8.75], "texture": "#0"},
				"west": {"uv": [8.5, 1.25, 8.75, 1.5], "texture": "#0"},
				"up": {"uv": [1.75, 8.75, 1.5, 8.5], "texture": "#0"},
				"down": {"uv": [8.75, 1.5, 8.5, 1.75], "texture": "#0"}
			}
		},
		{
			"from": [10, 1, 5],
			"to": [11, 2, 6],
			"faces": {
				"north": {"uv": [1.75, 8.5, 2, 8.75], "texture": "#0"},
				"east": {"uv": [2, 8.5, 2.25, 8.75], "texture": "#0"},
				"south": {"uv": [2.25, 8.5, 2.5, 8.75], "texture": "#0"},
				"west": {"uv": [2.5, 8.5, 2.75, 8.75], "texture": "#0"},
				"up": {"uv": [3, 8.75, 2.75, 8.5], "texture": "#0"},
				"down": {"uv": [3.25, 8.5, 3, 8.75], "texture": "#0"}
			}
		},
		{
			"from": [10, 1, 10],
			"to": [11, 2, 11],
			"faces": {
				"north": {"uv": [3.25, 8.5, 3.5, 8.75], "texture": "#0"},
				"east": {"uv": [3.5, 8.5, 3.75, 8.75], "texture": "#0"},
				"south": {"uv": [3.75, 8.5, 4, 8.75], "texture": "#0"},
				"west": {"uv": [4, 8.5, 4.25, 8.75], "texture": "#0"},
				"up": {"uv": [4.5, 8.75, 4.25, 8.5], "texture": "#0"},
				"down": {"uv": [8.75, 4.25, 8.5, 4.5], "texture": "#0"}
			}
		},
		{
			"from": [5, 1, 10],
			"to": [6, 2, 11],
			"faces": {
				"north": {"uv": [4.5, 8.5, 4.75, 8.75], "texture": "#0"},
				"east": {"uv": [8.5, 4.5, 8.75, 4.75], "texture": "#0"},
				"south": {"uv": [4.75, 8.5, 5, 8.75], "texture": "#0"},
				"west": {"uv": [8.5, 4.75, 8.75, 5], "texture": "#0"},
				"up": {"uv": [5.25, 8.75, 5, 8.5], "texture": "#0"},
				"down": {"uv": [8.75, 5, 8.5, 5.25], "texture": "#0"}
			}
		},
		{
			"from": [5, 3, 3],
			"to": [11, 4, 4],
			"faces": {
				"north": {"uv": [3, 0, 4.5, 0.25], "texture": "#0"},
				"east": {"uv": [5.25, 8.5, 5.5, 8.75], "texture": "#0"},
				"south": {"uv": [3, 0.25, 4.5, 0.5], "texture": "#0"},
				"west": {"uv": [8.5, 5.25, 8.75, 5.5], "texture": "#0"},
				"up": {"uv": [2, 3.25, 0.5, 3], "texture": "#0"},
				"down": {"uv": [4.5, 0.5, 3, 0.75], "texture": "#0"}
			}
		},
		{
			"from": [5, 3, 12],
			"to": [11, 4, 13],
			"faces": {
				"north": {"uv": [3, 0.75, 4.5, 1], "texture": "#0"},
				"east": {"uv": [5.5, 8.5, 5.75, 8.75], "texture": "#0"},
				"south": {"uv": [3, 1, 4.5, 1.25], "texture": "#0"},
				"west": {"uv": [8.5, 5.5, 8.75, 5.75], "texture": "#0"},
				"up": {"uv": [4.5, 1.5, 3, 1.25], "texture": "#0"},
				"down": {"uv": [3.5, 3, 2, 3.25], "texture": "#0"}
			}
		},
		{
			"from": [12, 3, 5],
			"to": [13, 4, 11],
			"faces": {
				"north": {"uv": [5.75, 8.5, 6, 8.75], "texture": "#0"},
				"east": {"uv": [0.5, 3.25, 2, 3.5], "texture": "#0"},
				"south": {"uv": [8.5, 5.75, 8.75, 6], "texture": "#0"},
				"west": {"uv": [2, 3.25, 3.5, 3.5], "texture": "#0"},
				"up": {"uv": [0.25, 5, 0, 3.5], "texture": "#0"},
				"down": {"uv": [0.5, 3.5, 0.25, 5], "texture": "#0"}
			}
		},
		{
			"from": [3, 3, 5],
			"to": [4, 4, 11],
			"faces": {
				"north": {"uv": [6, 8.5, 6.25, 8.75], "texture": "#0"},
				"east": {"uv": [0.5, 3.5, 2, 3.75], "texture": "#0"},
				"south": {"uv": [8.5, 6, 8.75, 6.25], "texture": "#0"},
				"west": {"uv": [3.5, 1.5, 5, 1.75], "texture": "#0"},
				"up": {"uv": [3.75, 3.25, 3.5, 1.75], "texture": "#0"},
				"down": {"uv": [2.25, 3.5, 2, 5], "texture": "#0"}
			}
		},
		{
			"from": [4, 3, 11],
			"to": [5, 4, 12],
			"faces": {
				"north": {"uv": [6.25, 8.5, 6.5, 8.75], "texture": "#0"},
				"east": {"uv": [8.5, 6.25, 8.75, 6.5], "texture": "#0"},
				"south": {"uv": [6.5, 8.5, 6.75, 8.75], "texture": "#0"},
				"west": {"uv": [8.5, 6.5, 8.75, 6.75], "texture": "#0"},
				"up": {"uv": [7, 8.75, 6.75, 8.5], "texture": "#0"},
				"down": {"uv": [8.75, 6.75, 8.5, 7], "texture": "#0"}
			}
		},
		{
			"from": [11, 3, 11],
			"to": [12, 4, 12],
			"faces": {
				"north": {"uv": [7, 8.5, 7.25, 8.75], "texture": "#0"},
				"east": {"uv": [8.5, 7, 8.75, 7.25], "texture": "#0"},
				"south": {"uv": [7.25, 8.5, 7.5, 8.75], "texture": "#0"},
				"west": {"uv": [8.5, 7.25, 8.75, 7.5], "texture": "#0"},
				"up": {"uv": [7.75, 8.75, 7.5, 8.5], "texture": "#0"},
				"down": {"uv": [8.75, 7.5, 8.5, 7.75], "texture": "#0"}
			}
		},
		{
			"from": [11, 3, 4],
			"to": [12, 4, 5],
			"faces": {
				"north": {"uv": [7.75, 8.5, 8, 8.75], "texture": "#0"},
				"east": {"uv": [8.5, 7.75, 8.75, 8], "texture": "#0"},
				"south": {"uv": [8, 8.5, 8.25, 8.75], "texture": "#0"},
				"west": {"uv": [8.5, 8, 8.75, 8.25], "texture": "#0"},
				"up": {"uv": [8.5, 8.75, 8.25, 8.5], "texture": "#0"},
				"down": {"uv": [8.75, 8.25, 8.5, 8.5], "texture": "#0"}
			}
		},
		{
			"from": [4, 3, 4],
			"to": [5, 4, 5],
			"faces": {
				"north": {"uv": [8.5, 8.5, 8.75, 8.75], "texture": "#0"},
				"east": {"uv": [0, 8.75, 0.25, 9], "texture": "#0"},
				"south": {"uv": [8.75, 0, 9, 0.25], "texture": "#0"},
				"west": {"uv": [0.25, 8.75, 0.5, 9], "texture": "#0"},
				"up": {"uv": [9, 0.5, 8.75, 0.25], "texture": "#0"},
				"down": {"uv": [0.75, 8.75, 0.5, 9], "texture": "#0"}
			}
		},
		{
			"from": [7, 4, 13],
			"to": [9, 5, 14],
			"faces": {
				"north": {"uv": [7.25, 7, 7.75, 7.25], "texture": "#0"},
				"east": {"uv": [8.75, 0.5, 9, 0.75], "texture": "#0"},
				"south": {"uv": [7.25, 7.25, 7.75, 7.5], "texture": "#0"},
				"west": {"uv": [0.75, 8.75, 1, 9], "texture": "#0"},
				"up": {"uv": [0.5, 7.75, 0, 7.5], "texture": "#0"},
				"down": {"uv": [8, 0, 7.5, 0.25], "texture": "#0"}
			}
		},
		{
			"from": [7, 4, 2],
			"to": [9, 5, 3],
			"faces": {
				"north": {"uv": [7.5, 0.25, 8, 0.5], "texture": "#0"},
				"east": {"uv": [8.75, 0.75, 9, 1], "texture": "#0"},
				"south": {"uv": [7.5, 0.5, 8, 0.75], "texture": "#0"},
				"west": {"uv": [1, 8.75, 1.25, 9], "texture": "#0"},
				"up": {"uv": [1.25, 7.75, 0.75, 7.5], "texture": "#0"},
				"down": {"uv": [8, 0.75, 7.5, 1], "texture": "#0"}
			}
		},
		{
			"from": [2, 4, 7],
			"to": [3, 5, 9],
			"faces": {
				"north": {"uv": [8.75, 1, 9, 1.25], "texture": "#0"},
				"east": {"uv": [1.75, 7.5, 2.25, 7.75], "texture": "#0"},
				"south": {"uv": [1.25, 8.75, 1.5, 9], "texture": "#0"},
				"west": {"uv": [2.25, 7.5, 2.75, 7.75], "texture": "#0"},
				"up": {"uv": [3, 8, 2.75, 7.5], "texture": "#0"},
				"down": {"uv": [3.25, 7.5, 3, 8], "texture": "#0"}
			}
		},
		{
			"from": [13, 4, 7],
			"to": [14, 5, 9],
			"faces": {
				"north": {"uv": [8.75, 1.25, 9, 1.5], "texture": "#0"},
				"east": {"uv": [3.25, 7.5, 3.75, 7.75], "texture": "#0"},
				"south": {"uv": [1.5, 8.75, 1.75, 9], "texture": "#0"},
				"west": {"uv": [3.75, 7.5, 4.25, 7.75], "texture": "#0"},
				"up": {"uv": [4.5, 8, 4.25, 7.5], "texture": "#0"},
				"down": {"uv": [4.75, 7.5, 4.5, 8], "texture": "#0"}
			}
		},
		{
			"from": [12, 4, 9],
			"to": [13, 5, 12],
			"faces": {
				"north": {"uv": [8.75, 1.5, 9, 1.75], "texture": "#0"},
				"east": {"uv": [6.25, 2.5, 7, 2.75], "texture": "#0"},
				"south": {"uv": [1.75, 8.75, 2, 9], "texture": "#0"},
				"west": {"uv": [6.25, 2.75, 7, 3], "texture": "#0"},
				"up": {"uv": [3.5, 5, 3.25, 4.25], "texture": "#0"},
				"down": {"uv": [3.75, 4.25, 3.5, 5], "texture": "#0"}
			}
		},
		{
			"from": [12, 4, 4],
			"to": [13, 5, 7],
			"faces": {
				"north": {"uv": [8.75, 1.75, 9, 2], "texture": "#0"},
				"east": {"uv": [6.25, 3, 7, 3.25], "texture": "#0"},
				"south": {"uv": [2, 8.75, 2.25, 9], "texture": "#0"},
				"west": {"uv": [3.5, 6.25, 4.25, 6.5], "texture": "#0"},
				"up": {"uv": [0.25, 6.75, 0, 6], "texture": "#0"},
				"down": {"uv": [0.5, 6, 0.25, 6.75], "texture": "#0"}
			}
		},
		{
			"from": [3, 4, 4],
			"to": [4, 5, 7],
			"faces": {
				"north": {"uv": [8.75, 2, 9, 2.25], "texture": "#0"},
				"east": {"uv": [4.25, 6.25, 5, 6.5], "texture": "#0"},
				"south": {"uv": [2.25, 8.75, 2.5, 9], "texture": "#0"},
				"west": {"uv": [5, 6.25, 5.75, 6.5], "texture": "#0"},
				"up": {"uv": [2.5, 7, 2.25, 6.25], "texture": "#0"},
				"down": {"uv": [6, 6.25, 5.75, 7], "texture": "#0"}
			}
		},
		{
			"from": [3, 4, 9],
			"to": [4, 5, 12],
			"faces": {
				"north": {"uv": [8.75, 2.25, 9, 2.5], "texture": "#0"},
				"east": {"uv": [6.25, 5, 7, 5.25], "texture": "#0"},
				"south": {"uv": [2.5, 8.75, 2.75, 9], "texture": "#0"},
				"west": {"uv": [6, 6.25, 6.75, 6.5], "texture": "#0"},
				"up": {"uv": [0.75, 7.25, 0.5, 6.5], "texture": "#0"},
				"down": {"uv": [1, 6.5, 0.75, 7.25], "texture": "#0"}
			}
		},
		{
			"from": [4, 4, 3],
			"to": [7, 5, 4],
			"faces": {
				"north": {"uv": [1, 6.5, 1.75, 6.75], "texture": "#0"},
				"east": {"uv": [8.75, 2.5, 9, 2.75], "texture": "#0"},
				"south": {"uv": [6.5, 1, 7.25, 1.25], "texture": "#0"},
				"west": {"uv": [2.75, 8.75, 3, 9], "texture": "#0"},
				"up": {"uv": [7.25, 1.5, 6.5, 1.25], "texture": "#0"},
				"down": {"uv": [4.25, 6.5, 3.5, 6.75], "texture": "#0"}
			}
		},
		{
			"from": [9, 4, 3],
			"to": [12, 5, 4],
			"faces": {
				"north": {"uv": [6.5, 3.5, 7.25, 3.75], "texture": "#0"},
				"east": {"uv": [8.75, 2.75, 9, 3], "texture": "#0"},
				"south": {"uv": [4.25, 6.5, 5, 6.75], "texture": "#0"},
				"west": {"uv": [3, 8.75, 3.25, 9], "texture": "#0"},
				"up": {"uv": [5.75, 6.75, 5, 6.5], "texture": "#0"},
				"down": {"uv": [6.75, 6.5, 6, 6.75], "texture": "#0"}
			}
		},
		{
			"from": [4, 4, 12],
			"to": [7, 5, 13],
			"faces": {
				"north": {"uv": [6.75, 0, 7.5, 0.25], "texture": "#0"},
				"east": {"uv": [8.75, 3, 9, 3.25], "texture": "#0"},
				"south": {"uv": [6.75, 0.25, 7.5, 0.5], "texture": "#0"},
				"west": {"uv": [3.25, 8.75, 3.5, 9], "texture": "#0"},
				"up": {"uv": [7.5, 0.75, 6.75, 0.5], "texture": "#0"},
				"down": {"uv": [7.5, 0.75, 6.75, 1], "texture": "#0"}
			}
		},
		{
			"from": [9, 4, 12],
			"to": [12, 5, 13],
			"faces": {
				"north": {"uv": [1, 6.75, 1.75, 7], "texture": "#0"},
				"east": {"uv": [8.75, 3.25, 9, 3.5], "texture": "#0"},
				"south": {"uv": [2.5, 6.75, 3.25, 7], "texture": "#0"},
				"west": {"uv": [3.5, 8.75, 3.75, 9], "texture": "#0"},
				"up": {"uv": [4, 7, 3.25, 6.75], "texture": "#0"},
				"down": {"uv": [4.75, 6.75, 4, 7], "texture": "#0"}
			}
		},
		{
			"from": [6, 5, 13],
			"to": [10, 6, 14],
			"faces": {
				"north": {"uv": [2.25, 4.5, 3.25, 4.75], "texture": "#0"},
				"east": {"uv": [8.75, 3.5, 9, 3.75], "texture": "#0"},
				"south": {"uv": [4, 4.5, 5, 4.75], "texture": "#0"},
				"west": {"uv": [3.75, 8.75, 4, 9], "texture": "#0"},
				"up": {"uv": [3.25, 5, 2.25, 4.75], "texture": "#0"},
				"down": {"uv": [5, 4.75, 4, 5], "texture": "#0"}
			}
		},
		{
			"from": [2, 5, 6],
			"to": [3, 6, 10],
			"faces": {
				"north": {"uv": [8.75, 3.75, 9, 4], "texture": "#0"},
				"east": {"uv": [1.25, 5, 2.25, 5.25], "texture": "#0"},
				"south": {"uv": [4, 8.75, 4.25, 9], "texture": "#0"},
				"west": {"uv": [5, 1.5, 6, 1.75], "texture": "#0"},
				"up": {"uv": [1.5, 5, 1.25, 4], "texture": "#0"},
				"down": {"uv": [1.75, 4, 1.5, 5], "texture": "#0"}
			}
		},
		{
			"from": [6, 5, 2],
			"to": [10, 6, 3],
			"faces": {
				"north": {"uv": [2.25, 5, 3.25, 5.25], "texture": "#0"},
				"east": {"uv": [8.75, 4, 9, 4.25], "texture": "#0"},
				"south": {"uv": [3.25, 5, 4.25, 5.25], "texture": "#0"},
				"west": {"uv": [4.25, 8.75, 4.5, 9], "texture": "#0"},
				"up": {"uv": [6, 3.5, 5, 3.25], "texture": "#0"},
				"down": {"uv": [6, 3.75, 5, 4], "texture": "#0"}
			}
		},
		{
			"from": [13, 5, 6],
			"to": [14, 6, 10],
			"faces": {
				"north": {"uv": [8.75, 4.25, 9, 4.5], "texture": "#0"},
				"east": {"uv": [5, 4, 6, 4.25], "texture": "#0"},
				"south": {"uv": [4.5, 8.75, 4.75, 9], "texture": "#0"},
				"west": {"uv": [4.25, 5, 5.25, 5.25], "texture": "#0"},
				"up": {"uv": [2, 5, 1.75, 4], "texture": "#0"},
				"down": {"uv": [0.25, 5, 0, 6], "texture": "#0"}
			}
		},
		{
			"from": [3, 5, 4],
			"to": [4, 6, 6],
			"faces": {
				"north": {"uv": [8.75, 4.5, 9, 4.75], "texture": "#0"},
				"east": {"uv": [4.75, 7.5, 5.25, 7.75], "texture": "#0"},
				"south": {"uv": [4.75, 8.75, 5, 9], "texture": "#0"},
				"west": {"uv": [5.5, 7.5, 6, 7.75], "texture": "#0"},
				"up": {"uv": [6.25, 8, 6, 7.5], "texture": "#0"},
				"down": {"uv": [6.5, 7.5, 6.25, 8], "texture": "#0"}
			}
		},
		{
			"from": [3, 5, 10],
			"to": [4, 6, 12],
			"faces": {
				"north": {"uv": [8.75, 4.75, 9, 5], "texture": "#0"},
				"east": {"uv": [7.5, 6.25, 8, 6.5], "texture": "#0"},
				"south": {"uv": [5, 8.75, 5.25, 9], "texture": "#0"},
				"west": {"uv": [6.5, 7.5, 7, 7.75], "texture": "#0"},
				"up": {"uv": [7.75, 7, 7.5, 6.5], "texture": "#0"},
				"down": {"uv": [7.25, 7.5, 7, 8], "texture": "#0"}
			}
		},
		{
			"from": [12, 5, 10],
			"to": [13, 6, 12],
			"faces": {
				"north": {"uv": [8.75, 5, 9, 5.25], "texture": "#0"},
				"east": {"uv": [7.25, 7.5, 7.75, 7.75], "texture": "#0"},
				"south": {"uv": [5.25, 8.75, 5.5, 9], "texture": "#0"},
				"west": {"uv": [0, 7.75, 0.5, 8], "texture": "#0"},
				"up": {"uv": [1, 8.25, 0.75, 7.75], "texture": "#0"},
				"down": {"uv": [1.25, 7.75, 1, 8.25], "texture": "#0"}
			}
		},
		{
			"from": [12, 5, 4],
			"to": [13, 6, 6],
			"faces": {
				"north": {"uv": [8.75, 5.25, 9, 5.5], "texture": "#0"},
				"east": {"uv": [7.75, 1, 8.25, 1.25], "texture": "#0"},
				"south": {"uv": [5.5, 8.75, 5.75, 9], "texture": "#0"},
				"west": {"uv": [1.25, 7.75, 1.75, 8], "texture": "#0"},
				"up": {"uv": [8, 1.75, 7.75, 1.25], "texture": "#0"},
				"down": {"uv": [2, 7.75, 1.75, 8.25], "texture": "#0"}
			}
		},
		{
			"from": [10, 5, 12],
			"to": [12, 6, 13],
			"faces": {
				"north": {"uv": [7.75, 1.75, 8.25, 2], "texture": "#0"},
				"east": {"uv": [8.75, 5.5, 9, 5.75], "texture": "#0"},
				"south": {"uv": [2, 7.75, 2.5, 8], "texture": "#0"},
				"west": {"uv": [5.75, 8.75, 6, 9], "texture": "#0"},
				"up": {"uv": [8.25, 2.25, 7.75, 2], "texture": "#0"},
				"down": {"uv": [8.25, 2.25, 7.75, 2.5], "texture": "#0"}
			}
		},
		{
			"from": [4, 5, 12],
			"to": [6, 6, 13],
			"faces": {
				"north": {"uv": [7.75, 2.5, 8.25, 2.75], "texture": "#0"},
				"east": {"uv": [8.75, 5.75, 9, 6], "texture": "#0"},
				"south": {"uv": [7.75, 2.75, 8.25, 3], "texture": "#0"},
				"west": {"uv": [6, 8.75, 6.25, 9], "texture": "#0"},
				"up": {"uv": [8.25, 3.25, 7.75, 3], "texture": "#0"},
				"down": {"uv": [3.75, 7.75, 3.25, 8], "texture": "#0"}
			}
		},
		{
			"from": [10, 5, 3],
			"to": [12, 6, 4],
			"faces": {
				"north": {"uv": [7.75, 3.25, 8.25, 3.5], "texture": "#0"},
				"east": {"uv": [8.75, 6, 9, 6.25], "texture": "#0"},
				"south": {"uv": [7.75, 3.5, 8.25, 3.75], "texture": "#0"},
				"west": {"uv": [6.25, 8.75, 6.5, 9], "texture": "#0"},
				"up": {"uv": [4.25, 8, 3.75, 7.75], "texture": "#0"},
				"down": {"uv": [8.25, 3.75, 7.75, 4], "texture": "#0"}
			}
		},
		{
			"from": [4, 5, 3],
			"to": [6, 6, 4],
			"faces": {
				"north": {"uv": [7.75, 4, 8.25, 4.25], "texture": "#0"},
				"east": {"uv": [8.75, 6.25, 9, 6.5], "texture": "#0"},
				"south": {"uv": [7.75, 4.25, 8.25, 4.5], "texture": "#0"},
				"west": {"uv": [6.5, 8.75, 6.75, 9], "texture": "#0"},
				"up": {"uv": [8.25, 4.75, 7.75, 4.5], "texture": "#0"},
				"down": {"uv": [5.25, 7.75, 4.75, 8], "texture": "#0"}
			}
		},
		{
			"from": [2, 6, 6],
			"to": [3, 7, 10],
			"faces": {
				"north": {"uv": [8.75, 6.5, 9, 6.75], "texture": "#0"},
				"east": {"uv": [5, 4.25, 6, 4.5], "texture": "#0"},
				"south": {"uv": [6.75, 8.75, 7, 9], "texture": "#0"},
				"west": {"uv": [5, 4.5, 6, 4.75], "texture": "#0"},
				"up": {"uv": [0.5, 6, 0.25, 5], "texture": "#0"},
				"down": {"uv": [1.5, 5.25, 1.25, 6.25], "texture": "#0"}
			}
		},
		{
			"from": [3, 6, 4],
			"to": [4, 7, 6],
			"faces": {
				"north": {"uv": [8.75, 6.75, 9, 7], "texture": "#0"},
				"east": {"uv": [7.75, 4.75, 8.25, 5], "texture": "#0"},
				"south": {"uv": [7, 8.75, 7.25, 9], "texture": "#0"},
				"west": {"uv": [7.75, 5, 8.25, 5.25], "texture": "#0"},
				"up": {"uv": [2.75, 8.25, 2.5, 7.75], "texture": "#0"},
				"down": {"uv": [5.5, 7.75, 5.25, 8.25], "texture": "#0"}
			}
		},
		{
			"from": [4, 6, 3],
			"to": [6, 7, 4],
			"faces": {
				"north": {"uv": [7.75, 5.25, 8.25, 5.5], "texture": "#0"},
				"east": {"uv": [8.75, 7, 9, 7.25], "texture": "#0"},
				"south": {"uv": [5.5, 7.75, 6, 8], "texture": "#0"},
				"west": {"uv": [7.25, 8.75, 7.5, 9], "texture": "#0"},
				"up": {"uv": [8.25, 5.75, 7.75, 5.5], "texture": "#0"},
				"down": {"uv": [8.25, 5.75, 7.75, 6], "texture": "#0"}
			}
		},
		{
			"from": [6, 6, 2],
			"to": [10, 7, 3],
			"faces": {
				"north": {"uv": [5, 4.75, 6, 5], "texture": "#0"},
				"east": {"uv": [8.75, 7.25, 9, 7.5], "texture": "#0"},
				"south": {"uv": [1.5, 5.25, 2.5, 5.5], "texture": "#0"},
				"west": {"uv": [7.5, 8.75, 7.75, 9], "texture": "#0"},
				"up": {"uv": [6.25, 2, 5.25, 1.75], "texture": "#0"},
				"down": {"uv": [6.25, 2, 5.25, 2.25], "texture": "#0"}
			}
		},
		{
			"from": [10, 6, 3],
			"to": [12, 7, 4],
			"faces": {
				"north": {"uv": [7.75, 6, 8.25, 6.25], "texture": "#0"},
				"east": {"uv": [8.75, 7.5, 9, 7.75], "texture": "#0"},
				"south": {"uv": [6.5, 7.75, 7, 8], "texture": "#0"},
				"west": {"uv": [7.75, 8.75, 8, 9], "texture": "#0"},
				"up": {"uv": [8.25, 6.75, 7.75, 6.5], "texture": "#0"},
				"down": {"uv": [8.25, 6.75, 7.75, 7], "texture": "#0"}
			}
		},
		{
			"from": [12, 6, 4],
			"to": [13, 7, 6],
			"faces": {
				"north": {"uv": [8.75, 7.75, 9, 8], "texture": "#0"},
				"east": {"uv": [7.75, 7, 8.25, 7.25], "texture": "#0"},
				"south": {"uv": [8, 8.75, 8.25, 9], "texture": "#0"},
				"west": {"uv": [7.25, 7.75, 7.75, 8], "texture": "#0"},
				"up": {"uv": [8, 7.75, 7.75, 7.25], "texture": "#0"},
				"down": {"uv": [8, 7.75, 7.75, 8.25], "texture": "#0"}
			}
		},
		{
			"from": [13, 6, 6],
			"to": [14, 7, 10],
			"faces": {
				"north": {"uv": [8.75, 8, 9, 8.25], "texture": "#0"},
				"east": {"uv": [5.25, 2.25, 6.25, 2.5], "texture": "#0"},
				"south": {"uv": [8.25, 8.75, 8.5, 9], "texture": "#0"},
				"west": {"uv": [2.5, 5.25, 3.5, 5.5], "texture": "#0"},
				"up": {"uv": [3.75, 6.25, 3.5, 5.25], "texture": "#0"},
				"down": {"uv": [4, 5.25, 3.75, 6.25], "texture": "#0"}
			}
		},
		{
			"from": [12, 6, 10],
			"to": [13, 7, 12],
			"faces": {
				"north": {"uv": [8.25, 4.25, 8.5, 4.5], "texture": "#0"},
				"east": {"uv": [0.75, 7.25, 1.25, 7.5], "texture": "#0"},
				"south": {"uv": [8.25, 4.5, 8.5, 4.75], "texture": "#0"},
				"west": {"uv": [7.25, 1, 7.75, 1.25], "texture": "#0"},
				"up": {"uv": [1.5, 7.75, 1.25, 7.25], "texture": "#0"},
				"down": {"uv": [1.75, 7.25, 1.5, 7.75], "texture": "#0"}
			}
		},
		{
			"from": [10, 6, 12],
			"to": [12, 7, 13],
			"faces": {
				"north": {"uv": [0, 8, 0.5, 8.25], "texture": "#0"},
				"east": {"uv": [8.75, 8.25, 9, 8.5], "texture": "#0"},
				"south": {"uv": [8, 0, 8.5, 0.25], "texture": "#0"},
				"west": {"uv": [8.5, 8.75, 8.75, 9], "texture": "#0"},
				"up": {"uv": [8.5, 0.5, 8, 0.25], "texture": "#0"},
				"down": {"uv": [8.5, 0.5, 8, 0.75], "texture": "#0"}
			}
		},
		{
			"from": [6, 6, 13],
			"to": [10, 7, 14],
			"faces": {
				"north": {"uv": [5.25, 2.5, 6.25, 2.75], "texture": "#0"},
				"east": {"uv": [8.75, 8.5, 9, 8.75], "texture": "#0"},
				"south": {"uv": [5.25, 2.75, 6.25, 3], "texture": "#0"},
				"west": {"uv": [8.75, 8.75, 9, 9], "texture": "#0"},
				"up": {"uv": [6.25, 3.25, 5.25, 3], "texture": "#0"},
				"down": {"uv": [5, 5.25, 4, 5.5], "texture": "#0"}
			}
		},
		{
			"from": [4, 6, 12],
			"to": [6, 7, 13],
			"faces": {
				"north": {"uv": [8, 0.75, 8.5, 1], "texture": "#0"},
				"east": {"uv": [0, 9, 0.25, 9.25], "texture": "#0"},
				"south": {"uv": [1.25, 8, 1.75, 8.25], "texture": "#0"},
				"west": {"uv": [9, 0, 9.25, 0.25], "texture": "#0"},
				"up": {"uv": [8.5, 1.5, 8, 1.25], "texture": "#0"},
				"down": {"uv": [8.5, 1.5, 8, 1.75], "texture": "#0"}
			}
		},
		{
			"from": [3, 6, 10],
			"to": [4, 7, 12],
			"faces": {
				"north": {"uv": [0.25, 9, 0.5, 9.25], "texture": "#0"},
				"east": {"uv": [2, 8, 2.5, 8.25], "texture": "#0"},
				"south": {"uv": [9, 0.25, 9.25, 0.5], "texture": "#0"},
				"west": {"uv": [2.75, 8, 3.25, 8.25], "texture": "#0"},
				"up": {"uv": [0.75, 8.5, 0.5, 8], "texture": "#0"},
				"down": {"uv": [3.5, 8, 3.25, 8.5], "texture": "#0"}
			}
		},
		{
			"from": [4, 7, 12],
			"to": [7, 8, 13],
			"faces": {
				"north": {"uv": [4.75, 6.75, 5.5, 7], "texture": "#0"},
				"east": {"uv": [0.5, 9, 0.75, 9.25], "texture": "#0"},
				"south": {"uv": [6, 6.75, 6.75, 7], "texture": "#0"},
				"west": {"uv": [9, 0.5, 9.25, 0.75], "texture": "#0"},
				"up": {"uv": [7.5, 6.5, 6.75, 6.25], "texture": "#0"},
				"down": {"uv": [7.5, 6.5, 6.75, 6.75], "texture": "#0"}
			}
		},
		{
			"from": [3, 7, 9],
			"to": [4, 8, 12],
			"faces": {
				"north": {"uv": [0.75, 9, 1, 9.25], "texture": "#0"},
				"east": {"uv": [6.75, 6.75, 7.5, 7], "texture": "#0"},
				"south": {"uv": [9, 0.75, 9.25, 1], "texture": "#0"},
				"west": {"uv": [1, 7, 1.75, 7.25], "texture": "#0"},
				"up": {"uv": [2, 7.25, 1.75, 6.5], "texture": "#0"},
				"down": {"uv": [2.25, 6.5, 2, 7.25], "texture": "#0"}
			}
		},
		{
			"from": [2, 7, 7],
			"to": [3, 8, 9],
			"faces": {
				"north": {"uv": [1, 9, 1.25, 9.25], "texture": "#0"},
				"east": {"uv": [3.5, 8, 4, 8.25], "texture": "#0"},
				"south": {"uv": [9, 1, 9.25, 1.25], "texture": "#0"},
				"west": {"uv": [4, 8, 4.5, 8.25], "texture": "#0"},
				"up": {"uv": [4.75, 8.5, 4.5, 8], "texture": "#0"},
				"down": {"uv": [5, 8, 4.75, 8.5], "texture": "#0"}
			}
		},
		{
			"from": [7, 7, 13],
			"to": [9, 8, 14],
			"faces": {
				"north": {"uv": [5.5, 8, 6, 8.25], "texture": "#0"},
				"east": {"uv": [1.25, 9, 1.5, 9.25], "texture": "#0"},
				"south": {"uv": [6, 8, 6.5, 8.25], "texture": "#0"},
				"west": {"uv": [9, 1.25, 9.25, 1.5], "texture": "#0"},
				"up": {"uv": [8.5, 6.5, 8, 6.25], "texture": "#0"},
				"down": {"uv": [7, 8, 6.5, 8.25], "texture": "#0"}
			}
		},
		{
			"from": [9, 7, 12],
			"to": [12, 8, 13],
			"faces": {
				"north": {"uv": [7, 1.5, 7.75, 1.75], "texture": "#0"},
				"east": {"uv": [1.5, 9, 1.75, 9.25], "texture": "#0"},
				"south": {"uv": [2.25, 7, 3, 7.25], "texture": "#0"},
				"west": {"uv": [9, 1.5, 9.25, 1.75], "texture": "#0"},
				"up": {"uv": [7.75, 2.75, 7, 2.5], "texture": "#0"},
				"down": {"uv": [7.75, 2.75, 7, 3], "texture": "#0"}
			}
		},
		{
			"from": [12, 7, 9],
			"to": [13, 8, 12],
			"faces": {
				"north": {"uv": [1.75, 9, 2, 9.25], "texture": "#0"},
				"east": {"uv": [3, 7, 3.75, 7.25], "texture": "#0"},
				"south": {"uv": [9, 1.75, 9.25, 2], "texture": "#0"},
				"west": {"uv": [7, 3, 7.75, 3.25], "texture": "#0"},
				"up": {"uv": [0.25, 7.5, 0, 6.75], "texture": "#0"},
				"down": {"uv": [0.5, 6.75, 0.25, 7.5], "texture": "#0"}
			}
		},
		{
			"from": [13, 7, 7],
			"to": [14, 8, 9],
			"faces": {
				"north": {"uv": [2, 9, 2.25, 9.25], "texture": "#0"},
				"east": {"uv": [7, 8, 7.5, 8.25], "texture": "#0"},
				"south": {"uv": [9, 2, 9.25, 2.25], "texture": "#0"},
				"west": {"uv": [8, 7.25, 8.5, 7.5], "texture": "#0"},
				"up": {"uv": [5.25, 8.5, 5, 8], "texture": "#0"},
				"down": {"uv": [7.75, 8, 7.5, 8.5], "texture": "#0"}
			}
		},
		{
			"from": [12, 7, 4],
			"to": [13, 8, 7],
			"faces": {
				"north": {"uv": [2.25, 9, 2.5, 9.25], "texture": "#0"},
				"east": {"uv": [7, 3.25, 7.75, 3.5], "texture": "#0"},
				"south": {"uv": [9, 2.25, 9.25, 2.5], "texture": "#0"},
				"west": {"uv": [3.75, 7, 4.5, 7.25], "texture": "#0"},
				"up": {"uv": [5.75, 7.5, 5.5, 6.75], "texture": "#0"},
				"down": {"uv": [7.25, 3.75, 7, 4.5], "texture": "#0"}
			}
		},
		{
			"from": [9, 7, 3],
			"to": [12, 8, 4],
			"faces": {
				"north": {"uv": [4.5, 7, 5.25, 7.25], "texture": "#0"},
				"east": {"uv": [2.5, 9, 2.75, 9.25], "texture": "#0"},
				"south": {"uv": [7, 4.5, 7.75, 4.75], "texture": "#0"},
				"west": {"uv": [9, 2.5, 9.25, 2.75], "texture": "#0"},
				"up": {"uv": [7.75, 5, 7, 4.75], "texture": "#0"},
				"down": {"uv": [7.75, 5, 7, 5.25], "texture": "#0"}
			}
		},
		{
			"from": [7, 7, 2],
			"to": [9, 8, 3],
			"faces": {
				"north": {"uv": [8, 7.5, 8.5, 7.75], "texture": "#0"},
				"east": {"uv": [2.75, 9, 3, 9.25], "texture": "#0"},
				"south": {"uv": [8, 7.75, 8.5, 8], "texture": "#0"},
				"west": {"uv": [9, 2.75, 9.25, 3], "texture": "#0"},
				"up": {"uv": [8.5, 8.25, 8, 8], "texture": "#0"},
				"down": {"uv": [0.5, 8.25, 0, 8.5], "texture": "#0"}
			}
		},
		{
			"from": [4, 7, 3],
			"to": [7, 8, 4],
			"faces": {
				"north": {"uv": [7, 5.25, 7.75, 5.5], "texture": "#0"},
				"east": {"uv": [3, 9, 3.25, 9.25], "texture": "#0"},
				"south": {"uv": [7, 5.5, 7.75, 5.75], "texture": "#0"},
				"west": {"uv": [9, 3, 9.25, 3.25], "texture": "#0"},
				"up": {"uv": [6.5, 7.25, 5.75, 7], "texture": "#0"},
				"down": {"uv": [7.75, 5.75, 7, 6], "texture": "#0"}
			}
		},
		{
			"from": [3, 7, 4],
			"to": [4, 8, 7],
			"faces": {
				"north": {"uv": [3.25, 9, 3.5, 9.25], "texture": "#0"},
				"east": {"uv": [7, 6, 7.75, 6.25], "texture": "#0"},
				"south": {"uv": [9, 3.25, 9.25, 3.5], "texture": "#0"},
				"west": {"uv": [6.5, 7, 7.25, 7.25], "texture": "#0"},
				"up": {"uv": [5.5, 7.75, 5.25, 7], "texture": "#0"},
				"down": {"uv": [0.75, 7.25, 0.5, 8], "texture": "#0"}
			}
		},
		{
			"from": [11, 8, 11],
			"to": [12, 9, 12],
			"faces": {
				"north": {"uv": [3.5, 9, 3.75, 9.25], "texture": "#0"},
				"east": {"uv": [9, 3.5, 9.25, 3.75], "texture": "#0"},
				"south": {"uv": [3.75, 9, 4, 9.25], "texture": "#0"},
				"west": {"uv": [9, 3.75, 9.25, 4], "texture": "#0"},
				"up": {"uv": [4.25, 9.25, 4, 9], "texture": "#0"},
				"down": {"uv": [9.25, 4, 9, 4.25], "texture": "#0"}
			}
		},
		{
			"from": [5, 8, 12],
			"to": [11, 9, 13],
			"faces": {
				"north": {"uv": [2.25, 3.5, 3.75, 3.75], "texture": "#0"},
				"east": {"uv": [4.25, 9, 4.5, 9.25], "texture": "#0"},
				"south": {"uv": [3.5, 3.25, 5, 3.5], "texture": "#0"},
				"west": {"uv": [9, 4.25, 9.25, 4.5], "texture": "#0"},
				"up": {"uv": [2, 4, 0.5, 3.75], "texture": "#0"},
				"down": {"uv": [5.25, 1.75, 3.75, 2], "texture": "#0"}
			}
		},
		{
			"from": [12, 8, 5],
			"to": [13, 9, 11],
			"faces": {
				"north": {"uv": [4.5, 9, 4.75, 9.25], "texture": "#0"},
				"east": {"uv": [3.75, 2, 5.25, 2.25], "texture": "#0"},
				"south": {"uv": [9, 4.5, 9.25, 4.75], "texture": "#0"},
				"west": {"uv": [2.25, 3.75, 3.75, 4], "texture": "#0"},
				"up": {"uv": [4, 5, 3.75, 3.5], "texture": "#0"},
				"down": {"uv": [0.75, 4, 0.5, 5.5], "texture": "#0"}
			}
		},
		{
			"from": [11, 8, 4],
			"to": [12, 9, 5],
			"faces": {
				"north": {"uv": [4.75, 9, 5, 9.25], "texture": "#0"},
				"east": {"uv": [9, 4.75, 9.25, 5], "texture": "#0"},
				"south": {"uv": [5, 9, 5.25, 9.25], "texture": "#0"},
				"west": {"uv": [9, 5, 9.25, 5.25], "texture": "#0"},
				"up": {"uv": [5.5, 9.25, 5.25, 9], "texture": "#0"},
				"down": {"uv": [9.25, 5.25, 9, 5.5], "texture": "#0"}
			}
		},
		{
			"from": [5, 8, 3],
			"to": [11, 9, 4],
			"faces": {
				"north": {"uv": [3.75, 2.25, 5.25, 2.5], "texture": "#0"},
				"east": {"uv": [5.5, 9, 5.75, 9.25], "texture": "#0"},
				"south": {"uv": [3.75, 2.5, 5.25, 2.75], "texture": "#0"},
				"west": {"uv": [9, 5.5, 9.25, 5.75], "texture": "#0"},
				"up": {"uv": [5.25, 3, 3.75, 2.75], "texture": "#0"},
				"down": {"uv": [5.25, 3, 3.75, 3.25], "texture": "#0"}
			}
		},
		{
			"from": [4, 8, 4],
			"to": [5, 9, 5],
			"faces": {
				"north": {"uv": [5.75, 9, 6, 9.25], "texture": "#0"},
				"east": {"uv": [9, 5.75, 9.25, 6], "texture": "#0"},
				"south": {"uv": [6, 9, 6.25, 9.25], "texture": "#0"},
				"west": {"uv": [9, 6, 9.25, 6.25], "texture": "#0"},
				"up": {"uv": [6.5, 9.25, 6.25, 9], "texture": "#0"},
				"down": {"uv": [9.25, 6.25, 9, 6.5], "texture": "#0"}
			}
		},
		{
			"from": [3, 8, 5],
			"to": [4, 9, 11],
			"faces": {
				"north": {"uv": [6.5, 9, 6.75, 9.25], "texture": "#0"},
				"east": {"uv": [2.25, 4, 3.75, 4.25], "texture": "#0"},
				"south": {"uv": [9, 6.5, 9.25, 6.75], "texture": "#0"},
				"west": {"uv": [4, 3.5, 5.5, 3.75], "texture": "#0"},
				"up": {"uv": [1, 5.5, 0.75, 4], "texture": "#0"},
				"down": {"uv": [1.25, 4, 1, 5.5], "texture": "#0"}
			}
		},
		{
			"from": [4, 8, 11],
			"to": [5, 9, 12],
			"faces": {
				"north": {"uv": [6.75, 9, 7, 9.25], "texture": "#0"},
				"east": {"uv": [9, 6.75, 9.25, 7], "texture": "#0"},
				"south": {"uv": [7, 9, 7.25, 9.25], "texture": "#0"},
				"west": {"uv": [9, 7, 9.25, 7.25], "texture": "#0"},
				"up": {"uv": [7.5, 9.25, 7.25, 9], "texture": "#0"},
				"down": {"uv": [9.25, 7.25, 9, 7.5], "texture": "#0"}
			}
		},
		{
			"from": [3, 2, 6],
			"to": [4, 3, 10],
			"faces": {
				"north": {"uv": [7.5, 9, 7.75, 9.25], "texture": "#0"},
				"east": {"uv": [5, 5.25, 6, 5.5], "texture": "#0"},
				"south": {"uv": [9, 7.5, 9.25, 7.75], "texture": "#0"},
				"west": {"uv": [5.25, 5, 6.25, 5.25], "texture": "#0"},
				"up": {"uv": [5.75, 1, 5.5, 0], "texture": "#0"},
				"down": {"uv": [0.75, 5.5, 0.5, 6.5], "texture": "#0"}
			}
		},
		{
			"from": [4, 2, 10],
			"to": [5, 3, 11],
			"faces": {
				"north": {"uv": [7.75, 9, 8, 9.25], "texture": "#0"},
				"east": {"uv": [9, 7.75, 9.25, 8], "texture": "#0"},
				"south": {"uv": [8, 9, 8.25, 9.25], "texture": "#0"},
				"west": {"uv": [9, 8, 9.25, 8.25], "texture": "#0"},
				"up": {"uv": [8.5, 9.25, 8.25, 9], "texture": "#0"},
				"down": {"uv": [9.25, 8.25, 9, 8.5], "texture": "#0"}
			}
		},
		{
			"from": [5, 2, 11],
			"to": [6, 3, 12],
			"faces": {
				"north": {"uv": [8.5, 9, 8.75, 9.25], "texture": "#0"},
				"east": {"uv": [9, 8.5, 9.25, 8.75], "texture": "#0"},
				"south": {"uv": [8.75, 9, 9, 9.25], "texture": "#0"},
				"west": {"uv": [9, 8.75, 9.25, 9], "texture": "#0"},
				"up": {"uv": [9.25, 9.25, 9, 9], "texture": "#0"},
				"down": {"uv": [0.25, 9.25, 0, 9.5], "texture": "#0"}
			}
		},
		{
			"from": [6, 2, 12],
			"to": [10, 3, 13],
			"faces": {
				"north": {"uv": [5.5, 1, 6.5, 1.25], "texture": "#0"},
				"east": {"uv": [9.25, 0, 9.5, 0.25], "texture": "#0"},
				"south": {"uv": [5.5, 1.25, 6.5, 1.5], "texture": "#0"},
				"west": {"uv": [0.25, 9.25, 0.5, 9.5], "texture": "#0"},
				"up": {"uv": [2.5, 5.75, 1.5, 5.5], "texture": "#0"},
				"down": {"uv": [3.5, 5.5, 2.5, 5.75], "texture": "#0"}
			}
		},
		{
			"from": [10, 2, 11],
			"to": [11, 3, 12],
			"faces": {
				"north": {"uv": [9.25, 0.25, 9.5, 0.5], "texture": "#0"},
				"east": {"uv": [0.5, 9.25, 0.75, 9.5], "texture": "#0"},
				"south": {"uv": [9.25, 0.5, 9.5, 0.75], "texture": "#0"},
				"west": {"uv": [0.75, 9.25, 1, 9.5], "texture": "#0"},
				"up": {"uv": [9.5, 1, 9.25, 0.75], "texture": "#0"},
				"down": {"uv": [1.25, 9.25, 1, 9.5], "texture": "#0"}
			}
		},
		{
			"from": [11, 2, 10],
			"to": [12, 3, 11],
			"faces": {
				"north": {"uv": [9.25, 1, 9.5, 1.25], "texture": "#0"},
				"east": {"uv": [1.25, 9.25, 1.5, 9.5], "texture": "#0"},
				"south": {"uv": [9.25, 1.25, 9.5, 1.5], "texture": "#0"},
				"west": {"uv": [1.5, 9.25, 1.75, 9.5], "texture": "#0"},
				"up": {"uv": [9.5, 1.75, 9.25, 1.5], "texture": "#0"},
				"down": {"uv": [2, 9.25, 1.75, 9.5], "texture": "#0"}
			}
		},
		{
			"from": [12, 2, 6],
			"to": [13, 3, 10],
			"faces": {
				"north": {"uv": [9.25, 1.75, 9.5, 2], "texture": "#0"},
				"east": {"uv": [5.5, 3.5, 6.5, 3.75], "texture": "#0"},
				"south": {"uv": [2, 9.25, 2.25, 9.5], "texture": "#0"},
				"west": {"uv": [4, 5.5, 5, 5.75], "texture": "#0"},
				"up": {"uv": [1, 6.5, 0.75, 5.5], "texture": "#0"},
				"down": {"uv": [1.25, 5.5, 1, 6.5], "texture": "#0"}
			}
		},
		{
			"from": [11, 2, 5],
			"to": [12, 3, 6],
			"faces": {
				"north": {"uv": [9.25, 2, 9.5, 2.25], "texture": "#0"},
				"east": {"uv": [2.25, 9.25, 2.5, 9.5], "texture": "#0"},
				"south": {"uv": [9.25, 2.25, 9.5, 2.5], "texture": "#0"},
				"west": {"uv": [2.5, 9.25, 2.75, 9.5], "texture": "#0"},
				"up": {"uv": [9.5, 2.75, 9.25, 2.5], "texture": "#0"},
				"down": {"uv": [3, 9.25, 2.75, 9.5], "texture": "#0"}
			}
		},
		{
			"from": [10, 2, 4],
			"to": [11, 3, 5],
			"faces": {
				"north": {"uv": [9.25, 2.75, 9.5, 3], "texture": "#0"},
				"east": {"uv": [3, 9.25, 3.25, 9.5], "texture": "#0"},
				"south": {"uv": [9.25, 3, 9.5, 3.25], "texture": "#0"},
				"west": {"uv": [3.25, 9.25, 3.5, 9.5], "texture": "#0"},
				"up": {"uv": [9.5, 3.5, 9.25, 3.25], "texture": "#0"},
				"down": {"uv": [3.75, 9.25, 3.5, 9.5], "texture": "#0"}
			}
		},
		{
			"from": [6, 2, 3],
			"to": [10, 3, 4],
			"faces": {
				"north": {"uv": [5, 5.5, 6, 5.75], "texture": "#0"},
				"east": {"uv": [9.25, 3.5, 9.5, 3.75], "texture": "#0"},
				"south": {"uv": [5.75, 0, 6.75, 0.25], "texture": "#0"},
				"west": {"uv": [3.75, 9.25, 4, 9.5], "texture": "#0"},
				"up": {"uv": [6.75, 0.5, 5.75, 0.25], "texture": "#0"},
				"down": {"uv": [6.75, 0.5, 5.75, 0.75], "texture": "#0"}
			}
		},
		{
			"from": [5, 2, 4],
			"to": [6, 3, 5],
			"faces": {
				"north": {"uv": [9.25, 3.75, 9.5, 4], "texture": "#0"},
				"east": {"uv": [4, 9.25, 4.25, 9.5], "texture": "#0"},
				"south": {"uv": [9.25, 4, 9.5, 4.25], "texture": "#0"},
				"west": {"uv": [4.25, 9.25, 4.5, 9.5], "texture": "#0"},
				"up": {"uv": [9.5, 4.5, 9.25, 4.25], "texture": "#0"},
				"down": {"uv": [4.75, 9.25, 4.5, 9.5], "texture": "#0"}
			}
		},
		{
			"from": [4, 2, 5],
			"to": [5, 3, 6],
			"faces": {
				"north": {"uv": [9.25, 4.5, 9.5, 4.75], "texture": "#0"},
				"east": {"uv": [4.75, 9.25, 5, 9.5], "texture": "#0"},
				"south": {"uv": [9.25, 4.75, 9.5, 5], "texture": "#0"},
				"west": {"uv": [5, 9.25, 5.25, 9.5], "texture": "#0"},
				"up": {"uv": [9.5, 5.25, 9.25, 5], "texture": "#0"},
				"down": {"uv": [5.5, 9.25, 5.25, 9.5], "texture": "#0"}
			}
		},
		{
			"from": [3, 9, 6],
			"to": [4, 10, 10],
			"faces": {
				"north": {"uv": [9.25, 5.25, 9.5, 5.5], "texture": "#0"},
				"east": {"uv": [5.75, 0.75, 6.75, 1], "texture": "#0"},
				"south": {"uv": [5.5, 9.25, 5.75, 9.5], "texture": "#0"},
				"west": {"uv": [1.5, 5.75, 2.5, 6], "texture": "#0"},
				"up": {"uv": [2.75, 6.75, 2.5, 5.75], "texture": "#0"},
				"down": {"uv": [3, 5.75, 2.75, 6.75], "texture": "#0"}
			}
		},
		{
			"from": [4, 9, 10],
			"to": [5, 10, 11],
			"faces": {
				"north": {"uv": [9.25, 5.5, 9.5, 5.75], "texture": "#0"},
				"east": {"uv": [5.75, 9.25, 6, 9.5], "texture": "#0"},
				"south": {"uv": [9.25, 5.75, 9.5, 6], "texture": "#0"},
				"west": {"uv": [6, 9.25, 6.25, 9.5], "texture": "#0"},
				"up": {"uv": [9.5, 6.25, 9.25, 6], "texture": "#0"},
				"down": {"uv": [6.5, 9.25, 6.25, 9.5], "texture": "#0"}
			}
		},
		{
			"from": [5, 9, 11],
			"to": [6, 10, 12],
			"faces": {
				"north": {"uv": [9.25, 6.25, 9.5, 6.5], "texture": "#0"},
				"east": {"uv": [6.5, 9.25, 6.75, 9.5], "texture": "#0"},
				"south": {"uv": [9.25, 6.5, 9.5, 6.75], "texture": "#0"},
				"west": {"uv": [6.75, 9.25, 7, 9.5], "texture": "#0"},
				"up": {"uv": [9.5, 7, 9.25, 6.75], "texture": "#0"},
				"down": {"uv": [7.25, 9.25, 7, 9.5], "texture": "#0"}
			}
		},
		{
			"from": [6, 9, 12],
			"to": [10, 10, 13],
			"faces": {
				"north": {"uv": [4, 5.75, 5, 6], "texture": "#0"},
				"east": {"uv": [9.25, 7, 9.5, 7.25], "texture": "#0"},
				"south": {"uv": [5, 5.75, 6, 6], "texture": "#0"},
				"west": {"uv": [7.25, 9.25, 7.5, 9.5], "texture": "#0"},
				"up": {"uv": [2.5, 6.25, 1.5, 6], "texture": "#0"},
				"down": {"uv": [7, 1.5, 6, 1.75], "texture": "#0"}
			}
		},
		{
			"from": [10, 9, 11],
			"to": [11, 10, 12],
			"faces": {
				"north": {"uv": [9.25, 7.25, 9.5, 7.5], "texture": "#0"},
				"east": {"uv": [7.5, 9.25, 7.75, 9.5], "texture": "#0"},
				"south": {"uv": [9.25, 7.5, 9.5, 7.75], "texture": "#0"},
				"west": {"uv": [7.75, 9.25, 8, 9.5], "texture": "#0"},
				"up": {"uv": [9.5, 8, 9.25, 7.75], "texture": "#0"},
				"down": {"uv": [8.25, 9.25, 8, 9.5], "texture": "#0"}
			}
		},
		{
			"from": [11, 9, 10],
			"to": [12, 10, 11],
			"faces": {
				"north": {"uv": [9.25, 8, 9.5, 8.25], "texture": "#0"},
				"east": {"uv": [8.25, 9.25, 8.5, 9.5], "texture": "#0"},
				"south": {"uv": [9.25, 8.25, 9.5, 8.5], "texture": "#0"},
				"west": {"uv": [8.5, 9.25, 8.75, 9.5], "texture": "#0"},
				"up": {"uv": [9.5, 8.75, 9.25, 8.5], "texture": "#0"},
				"down": {"uv": [9, 9.25, 8.75, 9.5], "texture": "#0"}
			}
		},
		{
			"from": [12, 9, 6],
			"to": [13, 10, 10],
			"faces": {
				"north": {"uv": [9.25, 8.75, 9.5, 9], "texture": "#0"},
				"east": {"uv": [6, 3.25, 7, 3.5], "texture": "#0"},
				"south": {"uv": [9, 9.25, 9.25, 9.5], "texture": "#0"},
				"west": {"uv": [6, 3.75, 7, 4], "texture": "#0"},
				"up": {"uv": [3.25, 6.75, 3, 5.75], "texture": "#0"},
				"down": {"uv": [3.5, 5.75, 3.25, 6.75], "texture": "#0"}
			}
		},
		{
			"from": [11, 9, 5],
			"to": [12, 10, 6],
			"faces": {
				"north": {"uv": [9.25, 9, 9.5, 9.25], "texture": "#0"},
				"east": {"uv": [9.25, 9.25, 9.5, 9.5], "texture": "#0"},
				"south": {"uv": [0, 9.5, 0.25, 9.75], "texture": "#0"},
				"west": {"uv": [9.5, 0, 9.75, 0.25], "texture": "#0"},
				"up": {"uv": [0.5, 9.75, 0.25, 9.5], "texture": "#0"},
				"down": {"uv": [9.75, 0.25, 9.5, 0.5], "texture": "#0"}
			}
		},
		{
			"from": [10, 9, 4],
			"to": [11, 10, 5],
			"faces": {
				"north": {"uv": [0.5, 9.5, 0.75, 9.75], "texture": "#0"},
				"east": {"uv": [9.5, 0.5, 9.75, 0.75], "texture": "#0"},
				"south": {"uv": [0.75, 9.5, 1, 9.75], "texture": "#0"},
				"west": {"uv": [9.5, 0.75, 9.75, 1], "texture": "#0"},
				"up": {"uv": [1.25, 9.75, 1, 9.5], "texture": "#0"},
				"down": {"uv": [9.75, 1, 9.5, 1.25], "texture": "#0"}
			}
		},
		{
			"from": [6, 9, 3],
			"to": [10, 10, 4],
			"faces": {
				"north": {"uv": [4, 6, 5, 6.25], "texture": "#0"},
				"east": {"uv": [1.25, 9.5, 1.5, 9.75], "texture": "#0"},
				"south": {"uv": [6, 4, 7, 4.25], "texture": "#0"},
				"west": {"uv": [9.5, 1.25, 9.75, 1.5], "texture": "#0"},
				"up": {"uv": [7, 4.5, 6, 4.25], "texture": "#0"},
				"down": {"uv": [7, 4.5, 6, 4.75], "texture": "#0"}
			}
		},
		{
			"from": [5, 9, 4],
			"to": [6, 10, 5],
			"faces": {
				"north": {"uv": [1.5, 9.5, 1.75, 9.75], "texture": "#0"},
				"east": {"uv": [9.5, 1.5, 9.75, 1.75], "texture": "#0"},
				"south": {"uv": [1.75, 9.5, 2, 9.75], "texture": "#0"},
				"west": {"uv": [9.5, 1.75, 9.75, 2], "texture": "#0"},
				"up": {"uv": [2.25, 9.75, 2, 9.5], "texture": "#0"},
				"down": {"uv": [9.75, 2, 9.5, 2.25], "texture": "#0"}
			}
		},
		{
			"from": [4, 9, 5],
			"to": [5, 10, 6],
			"faces": {
				"north": {"uv": [2.25, 9.5, 2.5, 9.75], "texture": "#0"},
				"east": {"uv": [9.5, 2.25, 9.75, 2.5], "texture": "#0"},
				"south": {"uv": [2.5, 9.5, 2.75, 9.75], "texture": "#0"},
				"west": {"uv": [9.5, 2.5, 9.75, 2.75], "texture": "#0"},
				"up": {"uv": [3, 9.75, 2.75, 9.5], "texture": "#0"},
				"down": {"uv": [9.75, 2.75, 9.5, 3], "texture": "#0"}
			}
		},
		{
			"from": [10, 10, 5],
			"to": [11, 11, 6],
			"faces": {
				"north": {"uv": [3, 9.5, 3.25, 9.75], "texture": "#0"},
				"east": {"uv": [9.5, 3, 9.75, 3.25], "texture": "#0"},
				"south": {"uv": [3.25, 9.5, 3.5, 9.75], "texture": "#0"},
				"west": {"uv": [9.5, 3.25, 9.75, 3.5], "texture": "#0"},
				"up": {"uv": [3.75, 9.75, 3.5, 9.5], "texture": "#0"},
				"down": {"uv": [9.75, 3.5, 9.5, 3.75], "texture": "#0"}
			}
		},
		{
			"from": [10, 10, 6],
			"to": [12, 11, 10],
			"faces": {
				"north": {"uv": [0.75, 8.25, 1.25, 8.5], "texture": "#0"},
				"east": {"uv": [6, 4.75, 7, 5], "texture": "#0"},
				"south": {"uv": [8.25, 1, 8.75, 1.25], "texture": "#0"},
				"west": {"uv": [5, 6, 6, 6.25], "texture": "#0"},
				"up": {"uv": [1.5, 3, 1, 2], "texture": "#0"},
				"down": {"uv": [2.5, 1, 2, 2], "texture": "#0"}
			}
		},
		{
			"from": [9, 10, 6],
			"to": [10, 11, 7],
			"faces": {
				"north": {"uv": [3.75, 9.5, 4, 9.75], "texture": "#0"},
				"east": {"uv": [9.5, 3.75, 9.75, 4], "texture": "#0"},
				"south": {"uv": [4, 9.5, 4.25, 9.75], "texture": "#0"},
				"west": {"uv": [9.5, 4, 9.75, 4.25], "texture": "#0"},
				"up": {"uv": [4.5, 9.75, 4.25, 9.5], "texture": "#0"},
				"down": {"uv": [9.75, 4.25, 9.5, 4.5], "texture": "#0"}
			}
		},
		{
			"from": [6, 10, 4],
			"to": [10, 11, 6],
			"faces": {
				"north": {"uv": [6, 5.25, 7, 5.5], "texture": "#0"},
				"east": {"uv": [1.25, 8.25, 1.75, 8.5], "texture": "#0"},
				"south": {"uv": [6, 5.5, 7, 5.75], "texture": "#0"},
				"west": {"uv": [1.75, 8.25, 2.25, 8.5], "texture": "#0"},
				"up": {"uv": [3, 0.5, 2, 0], "texture": "#0"},
				"down": {"uv": [2.5, 2, 1.5, 2.5], "texture": "#0"}
			}
		},
		{
			"from": [4, 10, 6],
			"to": [6, 11, 10],
			"faces": {
				"north": {"uv": [8.25, 1.75, 8.75, 2], "texture": "#0"},
				"east": {"uv": [6, 5.75, 7, 6], "texture": "#0"},
				"south": {"uv": [8.25, 2, 8.75, 2.25], "texture": "#0"},
				"west": {"uv": [6, 6, 7, 6.25], "texture": "#0"},
				"up": {"uv": [0.5, 3.5, 0, 2.5], "texture": "#0"},
				"down": {"uv": [3, 0.5, 2.5, 1.5], "texture": "#0"}
			}
		},
		{
			"from": [5, 10, 5],
			"to": [6, 11, 6],
			"faces": {
				"north": {"uv": [4.5, 9.5, 4.75, 9.75], "texture": "#0"},
				"east": {"uv": [9.5, 4.5, 9.75, 4.75], "texture": "#0"},
				"south": {"uv": [4.75, 9.5, 5, 9.75], "texture": "#0"},
				"west": {"uv": [9.5, 4.75, 9.75, 5], "texture": "#0"},
				"up": {"uv": [5.25, 9.75, 5, 9.5], "texture": "#0"},
				"down": {"uv": [9.75, 5, 9.5, 5.25], "texture": "#0"}
			}
		},
		{
			"from": [5, 10, 10],
			"to": [6, 11, 11],
			"faces": {
				"north": {"uv": [9.5, 9.5, 9.75, 9.75], "texture": "#0"},
				"east": {"uv": [0, 9.75, 0.25, 10], "texture": "#0"},
				"south": {"uv": [9.75, 0, 10, 0.25], "texture": "#0"},
				"west": {"uv": [0.25, 9.75, 0.5, 10], "texture": "#0"},
				"up": {"uv": [10, 0.5, 9.75, 0.25], "texture": "#0"},
				"down": {"uv": [0.75, 9.75, 0.5, 10], "texture": "#0"}
			}
		},
		{
			"from": [10, 10, 10],
			"to": [11, 11, 11],
			"faces": {
				"north": {"uv": [9.75, 0.5, 10, 0.75], "texture": "#0"},
				"east": {"uv": [0.75, 9.75, 1, 10], "texture": "#0"},
				"south": {"uv": [9.75, 0.75, 10, 1], "texture": "#0"},
				"west": {"uv": [1, 9.75, 1.25, 10], "texture": "#0"},
				"up": {"uv": [10, 1.25, 9.75, 1], "texture": "#0"},
				"down": {"uv": [1.5, 9.75, 1.25, 10], "texture": "#0"}
			}
		},
		{
			"from": [6, 10, 6],
			"to": [7, 11, 7],
			"faces": {
				"north": {"uv": [5.25, 9.5, 5.5, 9.75], "texture": "#0"},
				"east": {"uv": [9.5, 5.25, 9.75, 5.5], "texture": "#0"},
				"south": {"uv": [5.5, 9.5, 5.75, 9.75], "texture": "#0"},
				"west": {"uv": [9.5, 5.5, 9.75, 5.75], "texture": "#0"},
				"up": {"uv": [6, 9.75, 5.75, 9.5], "texture": "#0"},
				"down": {"uv": [9.75, 5.75, 9.5, 6], "texture": "#0"}
			}
		},
		{
			"from": [6, 10, 9],
			"to": [7, 11, 10],
			"faces": {
				"north": {"uv": [6, 9.5, 6.25, 9.75], "texture": "#0"},
				"east": {"uv": [9.5, 6, 9.75, 6.25], "texture": "#0"},
				"south": {"uv": [6.25, 9.5, 6.5, 9.75], "texture": "#0"},
				"west": {"uv": [9.5, 6.25, 9.75, 6.5], "texture": "#0"},
				"up": {"uv": [6.75, 9.75, 6.5, 9.5], "texture": "#0"},
				"down": {"uv": [9.75, 6.5, 9.5, 6.75], "texture": "#0"}
			}
		},
		{
			"from": [9, 10, 9],
			"to": [10, 11, 10],
			"faces": {
				"north": {"uv": [6.75, 9.5, 7, 9.75], "texture": "#0"},
				"east": {"uv": [9.5, 6.75, 9.75, 7], "texture": "#0"},
				"south": {"uv": [7, 9.5, 7.25, 9.75], "texture": "#0"},
				"west": {"uv": [9.5, 7, 9.75, 7.25], "texture": "#0"},
				"up": {"uv": [7.5, 9.75, 7.25, 9.5], "texture": "#0"},
				"down": {"uv": [9.75, 7.25, 9.5, 7.5], "texture": "#0"}
			}
		},
		{
			"from": [6, 10, 10],
			"to": [10, 11, 12],
			"faces": {
				"north": {"uv": [1.25, 6.25, 2.25, 6.5], "texture": "#0"},
				"east": {"uv": [2.25, 8.25, 2.75, 8.5], "texture": "#0"},
				"south": {"uv": [6.25, 1.75, 7.25, 2], "texture": "#0"},
				"west": {"uv": [8.25, 2.25, 8.75, 2.5], "texture": "#0"},
				"up": {"uv": [2.5, 3, 1.5, 2.5], "texture": "#0"},
				"down": {"uv": [3.5, 1.5, 2.5, 2], "texture": "#0"}
			}
		}
	],
	"display": {
		"gui": {
			"rotation": [74.99, 44.56, -69.12],
			"translation": [0.5, 0, 0],
			"scale": [1.75, 1.75, 1.75]
		}
	}
}